<?xml version="1.0" encoding="UTF-8"?>
<project name="commons">

<!-- Makagiga .jar files required to compile and run -->
<property name="MAKAGIGA_JAR" value="../../SDK/lib/makagiga.jar" />

<!-- Output files -->
<property name="PLUGIN_FILE" value="${PROJECT_INTERNAL_NAME}-${String.version}.mgplugin" />
<property name="PLUGIN_SOURCE_FILE" value="${PROJECT_INTERNAL_NAME}-source-${String.version}.zip" />

<!-- Compiler Settings -->
<property name="JAVA_SOURCE" value="1.8" />

<target name="all" depends="compile">
</target>

<target name="apidoc" depends="init" unless="String.scriptName">
	<delete dir="API" />
	<javadoc
		author="true"
		classpath="${MAKAGIGA_JAR}:${PROJECT_LIBS}"
		defaultexcludes="true"
		destdir="API"
		packagenames="${PROJECT_PACKAGE_NAME}.*"
		sourcepath="src"
		version="true"
		windowtitle="${String.name}"
	/>
	<echo file="API/WARNING.txt">This directory will be automatically removed.</echo>
</target>

<target name="bugs" depends="compile">
	<echo>HINT: FindBugs - http://findbugs.sourceforge.net/</echo>
	<echo>      Please make sure that the &quot;findbugs&quot; executable is valid.</echo>
	<echo></echo>
	<echo>Analyzing code...</echo>
	<echo>Output file: BUGS.xml</echo>

	<script language="javascript">
	<![CDATA[
	var projectLibs = project.getProperty("PROJECT_LIBS");
	var auxClasspath = "";
	for each (i in projectLibs.split(":")) {
		if (!i.isEmpty())
			auxClasspath += "    <AuxClasspathEntry>" + i + "</AuxClasspathEntry>\n";
	}
	project.setProperty("findbugs_auxclasspath", auxClasspath);
	project.setProperty("findbugs_timestamp", java.lang.System.currentTimeMillis());
	]]>
	</script>

<echo file="temporary-findbugs.xml"><![CDATA[<?xml version="1.0" encoding="UTF-8"?>
<BugCollection version="1.3.9" sequence="0" timestamp="${findbugs_timestamp}" analysisTimestamp="${findbugs_timestamp}" release="">
  <Project filename="temporary-findbugs.xml" projectName="${String.name}">
    <Jar>build</Jar>

    <AuxClasspathEntry>../../SDK/lib/makagiga.jar</AuxClasspathEntry>
${findbugs_auxclasspath}
    <SrcDir>src</SrcDir>
    <SuppressionFilter>
      <LastVersion value="-1" relOp="NEQ"/>
    </SuppressionFilter>
  </Project>
  <ClassFeatures></ClassFeatures>
  <History></History>
</BugCollection>
]]></echo>
	<exec executable="findbugs">
		<arg line="-project temporary-findbugs.xml -output BUGS.xml" />
	</exec>
	<delete file="temporary-findbugs.xml" />
	<exec executable="findbugs">
		<arg line="-loadBugs BUGS.xml" />
	</exec>
</target>

<target name="clean">
	<delete dir="API" />
	<delete dir="build" />
	<delete dir="i18n" />
	<delete dir="test/build" />
	<delete dir="${String.id}" />
	<delete file="i18n.jar" />
	<delete file="plugin.jar" />
	<delete file="${PLUGIN_FILE}" />
	<delete file="${PLUGIN_SOURCE_FILE}" />
</target>

<target name="compile" depends="init" unless="String.scriptName">
	<echo>INFO: Using Java ${java.runtime.version}</echo>
	<echo>HINT: Makagiga 5.x requires Java (1.)8 or newer to compile and run.</echo>

	<mkdir dir="build" />
	<javac
		includeantruntime="false"
		classpath="${MAKAGIGA_JAR}:${PROJECT_LIBS}"
		srcdir="src"
		destdir="build"
		deprecation="on"
		source="${JAVA_SOURCE}"
		target="${JAVA_SOURCE}"
		encoding="UTF-8"
	>
		<compilerarg line="-g:lines,source -Xlint:all,-serial -Xmaxerrs 5 -Xdiags:verbose" />
	</javac>
</target>

<target name="dist" depends="clean,src,compile,i18n,jar,zip,test">
</target>

<target name="enter-key-pass" if="KEY_FOUND">
	<input message="Enter key store password to sign the *.jar files: " addproperty="KEY_STORE_PASS">
		<handler classname="org.apache.tools.ant.input.SecureInputHandler" />
	</input>
</target>

<target name="getos">
	<condition property="os_linux">
		<os family="unix" />
	</condition>
</target>

<target name="i18n" depends="getos" if="os_linux">
	<mkdir dir="i18n" />
	<exec executable="../../SDK/i18n.sh">
		<arg line="${String.translation}" />
	</exec>
	<delete file="po/source.tmp" />

	<mkdir dir="i18n" />
	<jar destfile="i18n.jar" duplicate="fail">
		<zipfileset prefix="i18n" dir="i18n" includes="*.properties" />
	</jar>
</target>

<target name="i18nnew" depends="getos,i18n" if="os_linux">
	<exec executable="msginit">
		<arg line="-i po/TEMPLATE.pot -o po/NEW_TRANSLATION_RENAME_THIS_FILE.po" />
	</exec>
</target>

<target name="init">
	<script language="javascript">
	<![CDATA[
	project.setProperty(
		"PROJECT_LIBS",
		project.getProperty("String.libs").replaceAll(" ", ":")
	);
	]]>
	</script>
	
	<available file="Keys" property="KEY_FOUND" />
</target>

<target name="jar" depends="i18n">
	<antcall target="jar-plugin" />
</target>

<target name="jar-plugin" unless="String.scriptName">
	<jar destfile="plugin.jar" duplicate="fail">
		<!-- compiled class files -->
		<zipfileset dir="build" />
		<!-- resources -->
		<zipfileset dir="src">
			<exclude name="**/*.java" />
			<exclude name="**/*.js" />
		</zipfileset>
	</jar>
</target>

<macrodef name="pack200">
	<attribute name="jar" />
	<sequential>
		<echo>Repacking... @{jar}</echo>
		<exec executable="pack200">
			<arg line="--effort=9 --no-keep-file-order --segment-limit=-1 --repack &quot;@{jar}&quot;" />
		</exec>

		<script language="javascript">
		<![CDATA[
		var File = Java.type("java.io.File");
		
		var keysFile = new File("Keys");
		if (keysFile.exists()) {
// FIXME: the "signjar" task crashes JVM

			print("Self-Signing... @{jar}");

			var keyAlias = project.getProperty("String.keyAlias");
			if ((keyAlias == null) || keyAlias.isEmpty()) {
				print("Skipping Self-Sign... (String.keyAlias property not set; see plugin.properties file)");
			}
			else {
				var t = project.createTask("exec");
				t.setExecutable("jarsigner");
				var a = t.createArg();
				var line = '-keystore "' + keysFile + '" -sigfile "MAKAGIGA" -storepass "' + project.getProperty("KEY_STORE_PASS") + '" "@{jar}" "' + keyAlias + '"';
				a.setLine(line);
				t.execute();
			}
		}
		else {
			print("Skipping Self-Sign... (no './Keys' file found; see README.txt)");
		}
		]]>
		</script>

		<echo>Packing... @{jar}</echo>
		<exec executable="pack200">
			<arg line="--effort=9 --no-keep-file-order --segment-limit=-1 &quot;@{jar}.pack.gz&quot; &quot;@{jar}&quot;" />
		</exec>
		
		<delete file="@{jar}" />
	</sequential>
</macrodef>

<target name="pack" depends="init,enter-key-pass">
	<script language="javascript">
	<![CDATA[
	var ArrayList = Java.type("java.util.ArrayList");
	var File = Java.type("java.io.File");
	
	var libs = new ArrayList();
	for each (i in project.getProperty("PROJECT_LIBS").split(":")) {
		if (!i.trim().isEmpty())
			libs.add(i);
	}
	libs.add("i18n.jar");
	libs.add("plugin.jar");

	for each (i in libs) {
		var jarFile = new File(project.getProperty("String.id"), i);
		if (jarFile.exists() && jarFile.isFile()) {
			var pack200 = project.createTask("pack200");
			pack200.setDynamicAttribute("jar", jarFile.getPath());
			pack200.execute();
		}
	}
	]]>
	</script>
</target>

<target name="plugindir">
	<mkdir dir="${String.id}" />
	<copy file="plugin.properties" todir="${String.id}" />
	<copy failonerror="false" file="icon.png" todir="${String.id}" />
	<copy failonerror="false" file="icon-small.png" todir="${String.id}" />
	<copy failonerror="false" file="main.js" todir="${String.id}" />
	<copy failonerror="false" file="preview.png" todir="${String.id}" />
	<copy todir="${String.id}">
		<fileset dir="." includes="*.jar" />
	</copy>
	<copy failonerror="false" todir="${String.id}/resources">
		<fileset dir="resources" />
	</copy>
</target>

<target name="run" depends="compile,jar,plugindir">
	<java
		classname="org.makagiga.Main"
		classpath="${MAKAGIGA_JAR}:${PROJECT_LIBS}"
		fork="on"
	>
		<!-- run in a separated profile -->
		<arg line="--profile &quot;Plugin Test - ${PROJECT_INTERNAL_NAME}&quot; --test-plugin &quot;.${file.separator}${String.id}&quot; ${PROJECT_RUN_ARGS}" />
	</java>
</target>

<target name="src" depends="clean">
	<zip destfile="${PLUGIN_SOURCE_FILE}" duplicate="fail">
		<zipfileset dir="." prefix="${PROJECT_INTERNAL_NAME}" excludes="Keys" />
	</zip>
</target>

<target name="test" depends="compile">
	<!-- compile tests -->
	<mkdir dir="test/build" />
	<javac
		includeantruntime="false"
		classpath="${MAKAGIGA_JAR}:${PROJECT_LIBS}:build"
		srcdir="test/src"
		destdir="test/build"
		deprecation="on"
		source="${JAVA_SOURCE}"
		target="${JAVA_SOURCE}"
		encoding="UTF-8"
	>
		<compilerarg line="-g:lines,source -Xlint:all,-serial -Xmaxerrs 5 -Xdiags:verbose" />
	</javac>

	<!-- run test -->
	<java
		classname="org.makagiga.test.Tester"
		classpath="${MAKAGIGA_JAR}:${PROJECT_LIBS}:build:test/src:src"
		fork="on"
	>
		<arg line="test/build" />
	</java>
</target>

<target name="zip" depends="plugindir,pack">
	<zip destfile="${PLUGIN_FILE}" duplicate="fail">
		<zipfileset dir="${String.id}" prefix="${String.id}" />
		<zipfileset file="LICENSE.txt" prefix="${String.id}" />
	</zip>
	<!-- remove temporary *.jar.pack.gz files -->
	<delete>
		<fileset dir="${String.id}" includes="**/*.jar.pack.gz" />
	</delete>
</target>

</project>
