<?xml version="1.0" encoding="UTF-8"?>
<project name="commons">
	<!-- A file version used in file names (example: 1.9.10beta) -->
	<property name="platform_version" value="5.8" />
	
	<property name="build_dir" location="build" />
	<property name="dist_dir" location="dist" />
	
	<property name="webstart_dir" location="${dist_dir}/webstart" />

<!-- init -->
<target name="init">
	<script language="javascript">
	<![CDATA[
	var File = Java.type("java.io.File");

	project.setProperty("app_description", project.getDescription());

	var list = project.getReference("cp").list();
	var jarClassPath = "";
	var webstartClassPath = "";
	for each (var i in list) {
		var file = new File(i);
		if (file.exists()) {
			var name = file.getName();
			if (jarClassPath.length > 0)
				jarClassPath += " ";
			jarClassPath += name;
			
			webstartClassPath += '\t\t<jar href="' + name + '" />\n';
		}
		else {
			project.log("WARNING: Class path file does not exists: " + file, project.MSG_WARN);
		}
	}
	project.setProperty("jar_class_path", jarClassPath);
	project.setProperty("webstart_class_path", webstartClassPath);
	]]>
	</script>
</target>

<!-- clean -->
<target name="clean">
	<delete dir="${build_dir}" />
	<delete dir="${dist_dir}" />
</target>

<!-- compile -->
<target name="compile" depends="init">
	<echo>INFO: Using Java ${java.runtime.version}</echo>
	<echo>HINT: Makagiga 5.x requires Java (1.)8 or newer to compile and run.</echo>

	<mkdir dir="${build_dir}" />
	<mkdir dir="${build_dir}/${app_resources_dir}/resources" />
	<mkdir dir="${dist_dir}" />
	<javac
		includeantruntime="false"
		classpathref="cp"
		srcdir="src"
		destdir="${build_dir}"
		deprecation="on"
		source="1.8"
		target="1.8"
		encoding="UTF-8"
	>
		<compilerarg line="-g:lines,source -Xlint:all,-serial -Xmaxerrs 5 -Xdiags:verbose" />
	</javac>

<echo file="${build_dir}/${app_resources_dir}/resources/Main.properties"># WARNING: Generated automatically by "ant compile"
Application.description=${app_description}
Application.homepage=${app_homepage}
Application.name=${ant.project.name}
Application.version=${app_full_version}

Application.vendor=${app_vendor}
Application.x.licenseName=${license_name}
Application.x.licenseURL=${license_url}

Application.x.bugs=${app_bugs}
Application.x.buildInfo=
Application.x.codename=
Application.x.logo=${app_logo}
</echo>

<copy failonerror="false" todir="build/${app_resources_dir}/resources">
	<fileset dir="src/${app_resources_dir}/resources" includes="*.properties" />
</copy>

</target>

<!-- bin -->
<target name="bin" depends="compile">
	<jar destfile="${dist_dir}/${internal_name}.jar" basedir="${build_dir}" duplicate="fail">
		<manifest>
			<attribute name="Built-By" value="${user.name}" />
			<attribute name="Main-Class" value="${main_class}" />
			<attribute name="Class-Path" value="${jar_class_path}" />
			<attribute name="Permissions" value="all-permissions" />
		</manifest>
	</jar>
</target>

<!-- dist -->
<target name="dist" depends="clean,compile,bin">
</target>

<!-- run -->
<target name="run" depends="compile">
	<java
		classname="${main_class}"
		classpath="${build_dir}"
		classpathref="cp"
		fork="on"
	>
	</java>
</target>

<!-- webstart -->
<target name="webstart" depends="bin">
	<delete dir="${webstart_dir}" />
	<mkdir dir="${webstart_dir}" />
	<copy file="${dist_dir}/${internal_name}.jar" todir="${webstart_dir}" />

<echo file="${webstart_dir}/${internal_name}.jnlp"><![CDATA[<?xml version="1.0" encoding="UTF-8"?>
<!-- WARNING: Generated automatically by "ant webstart" -->
<jnlp
	spec="1.0+"
	codebase="${webstart_codebase}"
	href="${internal_name}.jnlp"
>
	<information>
		<title>${ant.project.name}</title>
		<vendor>${app_vendor}</vendor>
		<homepage href="${app_homepage}" />
		<description>${app_description}</description>
		<!--
		<icon href="${internal_name}.png" />
		<icon kind="splash" href="splash.png" />
		-->
		<offline-allowed />
		<shortcut online="false">
			<menu />
		</shortcut>
	</information>
	<security>
		<all-permissions />
	</security>
	<resources>
		<property name="jnlp.packEnabled" value="true" />
		<java version="1.8+" />
		<jar href="${internal_name}.jar" main="true" />

${webstart_class_path}
	</resources>
	<application-desc main-class="${main_class}" />
	<update check="always" />
</jnlp>
]]></echo>

<copy todir="${webstart_dir}">
	<fileset dir="../../lib/" includes="${jar_class_path}" />
</copy>

<echo>HINT: Run ./sign-webstart-example.sh to sign Web Start *.jar files</echo>

</target>

</project>