<?xml version="1.0" encoding="UTF-8"?>
<!--
	This configuration file was written by the eclipse-cs plugin configuration editor
-->
<!--
Checkstyle-Configuration: jmemorize-checkstyle.xml
Description:
Checkstyle configuration for jmemorize
-->
<!DOCTYPE module PUBLIC "-//Puppy Crawl//DTD Check Configuration 1.2//EN" "http://www.puppycrawl.com/dtds/configuration_1_2.dtd">
<module name="Checker">
    <property name="severity" value="warning"/>
    <module name="TreeWalker">
        <module name="DefaultComesLast"/>
        <module name="DoubleCheckedLocking"/>
        <module name="EqualsHashCode">
            <property name="severity" value="error"/>
        </module>
        <module name="FallThrough"/>
        <module name="IllegalCatch">
            <property name="severity" value="ignore"/>
        </module>
        <module name="MissingSwitchDefault">
            <property name="severity" value="ignore"/>
        </module>
        <module name="ModifiedControlVariable"/>
        <module name="ArrayTrailingComma">
            <property name="severity" value="ignore"/>
        </module>
        <module name="TabCharacter">
            <metadata name="com.atlassw.tools.eclipse.checkstyle.lastEnabledSeverity" value="error"/>
            <property name="severity" value="error"/>
        </module>
        <module name="LeftCurly">
            <property name="severity" value="warning"/>
            <property name="option" value="nl"/>
            <property name="tokens" value="CLASS_DEF,CTOR_DEF,INTERFACE_DEF,LITERAL_CATCH,LITERAL_DO,LITERAL_FINALLY,LITERAL_FOR,LITERAL_IF,LITERAL_SWITCH,LITERAL_SYNCHRONIZED,LITERAL_TRY,LITERAL_WHILE,METHOD_DEF"/>
        </module>
        <module name="RightCurly">
            <property name="severity" value="warning"/>
            <property name="option" value="alone"/>
        </module>
        <module name="RegexpHeader">
            <property name="severity" value="ignore"/>
            <property name="headerFile" value="gpl-header-check.txt"/>
        </module>
        <module name="UpperEll">
            <property name="severity" value="ignore"/>
        </module>
	<module name="jmemorize.checks.ExceptionLoggedCheck">
            <property name="severity" value="warning"/>
        </module>
    </module>
    <module name="NewlineAtEndOfFile">
        <property name="severity" value="ignore"/>
    </module>
</module>
