<?xml version="1.0" encoding="UTF-8"?>
<menu_structure>
	<menu_category name="menu_bar">
		<menu_category name="file">
			<menu_category name="open">
				<menu_action field="newMap" key_ref="keystroke_newMap"/>
				<menu_action field="open" key_ref="keystroke_open"/>
				<menu_action field="save" key_ref="keystroke_save"/>
				<menu_action field="saveAs" key_ref="keystroke_saveAs"/>
				<menu_action field="revertAction"/>
			</menu_category>
			<menu_submenu name="export"  name_ref="menu_file_export">
				<menu_action field="exportBranch" key_ref="keystroke_export_branch"/>
				<menu_separator/>
				<menu_category name="html">
					<menu_action field="exportToHTML" key_ref="keystroke_export_to_html"/>
					<menu_action field="exportBranchToHTML" key_ref="keystroke_export_branch_to_html"/>
				</menu_category>
				<menu_category name="text"/>
				<menu_separator/>
				<menu_category name="picture"/>
				<menu_category name="pdf"/>
				<menu_separator/>
				<menu_category name="other"/>
			</menu_submenu>
			<menu_submenu name="import" name_ref="menu_file_import">
				<menu_action field="importBranch"/>
				<menu_action field="importLinkedBranch"></menu_action>
				<menu_action field="importLinkedBranchWithoutRoot"></menu_action>
				<menu_separator/>
				<menu_action field="importExplorerFavorites"></menu_action>
				<menu_action field="importFolderStructure"></menu_action>
			</menu_submenu>
		</menu_category>
		<menu_category name="edit">
			<menu_category name="undo">
				<menu_action name="undo" field="undo" key_ref="keystroke_undo"/>
				<menu_action name="redo" field="redo" key_ref="keystroke_redo"/>
			</menu_category>
			<menu_category name="select">
				<menu_action field="selectAllAction" name="select_all" key_ref="keystroke_select_all"/>
				<menu_action field="selectBranchAction" name="select_branch" key_ref="keystroke_select_branch"/>
			</menu_category>
			<menu_category name="edit">
				<menu_action name="edit" field="edit" key_ref="keystroke_edit"/>
				<menu_action name="editLong" field="editLong" key_ref="keystroke_edit_long_node"/>
				<menu_action name="editAttributes" field="editAttributes" key_ref="keystroke_edit_attributes"/>
				<menu_action name="deleteChild" field="deleteChild" key_ref="keystroke_delete_child"/>
				<!-- <menu_action field="remove" key_ref="keystroke_remove"/> -->
			</menu_category>
			<menu_category name="paste">
				<menu_action name="cut" field="cut" key_ref="keystroke_cut"/>
				<menu_action name="copy" field="copy" key_ref="keystroke_copy"/>
				<menu_action name="copySingle" field="copySingle" key_ref="keystroke_copy_single"/>
				<menu_action name="paste" field="paste" key_ref="keystroke_paste"/>
				<menu_action name="pasteAsPlainText" field="pasteAsPlainText" key_ref="keystroke_pasteAsPlainText"/>
			</menu_category>
			<menu_category name="find">
				<menu_action field="find" key_ref="keystroke_find"/>
				<menu_action field="findNext" key_ref="keystroke_find_next"/>
				<menu_category name="findReplace"/>
				<menu_category name="otherFinds"/>
			</menu_category>
	
		</menu_category>
		<menu_category name="insert">
			<menu_category name="nodes">
				<menu_action name="newChild" field="newChild" key_ref="keystroke_add_child"/>
				<menu_action field="newSibling" key_ref="keystroke_add"/>
				<menu_action name="newPreviousSibling" field="newPreviousSibling" key_ref="keystroke_add_sibling_before"/>
			</menu_category>
			<menu_category name="crypto"/>
			<menu_category name="image">
				<menu_action field="setImageByFileChooser" key_ref="keystroke_set_image_by_filechooser"/>			
			</menu_category>
			<menu_category name="links">
				<menu_action field="setLinkByFileChooser" key_ref="keystroke_set_link_by_filechooser"/>
				<menu_action field="setLinkByTextField" key_ref="keystroke_set_link_by_textfield"/>
				<menu_action field="addArrowLinkAction" key_ref="keystroke_add_arrow_link_action"/>
				<menu_action field="addLocalLinkAction" key_ref="keystroke_add_local_link_action"/>
			</menu_category>
			<menu_separator/>
			<menu_category name="clouds">
				<menu_action field="cloud" key_ref="keystroke_node_toggle_cloud"/>
			</menu_category>
			<menu_category name="other">
			</menu_category>
		</menu_category>	
	
	
		<menu_category name="navigate">
			<menu_separator/>
			<menu_category name="nodes">
				<menu_action field="nodeUp" key_ref="keystroke_node_up"/>
				<menu_action field="nodeDown" key_ref="keystroke_node_down"/>
			</menu_category>
			<menu_separator/>
			<menu_category name="folding">
				<menu_action field="toggleFolded" key_ref="keystroke_toggle_folded"/>
				<menu_action field="toggleChildrenFolded" key_ref="keystroke_toggle_children_folded"/>
			</menu_category>
			<menu_separator/>
			<menu_category name="links">
				<menu_action field="followLink" key_ref="keystroke_follow_link"/> <!-- goto -->				
				<menu_action field="openLinkDirectory"/> 
			</menu_category>
			<menu_separator/>
			<menu_category name="notes">
			</menu_category>
			<menu_separator/>
			<menu_category name="clones">
			</menu_category>
		</menu_category>	
	
		<menu_category name="format">
			<menu_category name="change">
			</menu_category>
			<menu_separator/>
			<menu_category name="formatting_type">
				<menu_action name="useRichFormatting" field="useRichFormatting" key_ref="keystroke_use_rich_formatting"/>
				<menu_action name="usePlainText" field="usePlainText" key_ref="keystroke_use_plain_text"/>
			</menu_category>
			<menu_submenu name="patterns" name_ref="extension_menu">
				<menu_category name="manage">
				</menu_category>
				<menu_separator/>
				<menu_category name="patterns">
				</menu_category>
			</menu_submenu>
			<menu_separator/>
			<menu_category name="nodes">
				<menu_category name="style">
					<menu_action field="fork"/>
					<menu_action field="bubble"/>
				</menu_category>
				<menu_separator/>
				<menu_category name="font">
					<menu_action field="increaseNodeFont" key_ref="keystroke_node_increase_font_size"/>
					<menu_action field="decreaseNodeFont" key_ref="keystroke_node_decrease_font_size"/>
					<menu_action field="italic" key_ref="keystroke_node_toggle_italic"/>
					<menu_action field="bold" key_ref="keystroke_node_toggle_boldface"/>
					<!-- Underlined is not implemented in the view yet.
						<menu_action field="underlined" key_ref="keystroke_node_toggle_underlined"/>-->
					<menu_action field="nodeColor" key_ref="keystroke_node_color"/>
					<menu_action field="nodeColorBlend" key_ref="keystroke_node_color_blend"/>
					<menu_action field="nodeBackgroundColor"/>
					<menu_action field="removeNodeBackgroundColor"/>
				</menu_category>
				<menu_category name="position">
					<!-- Reset position -->
					<menu_action field="moveNodeAction"/>
				</menu_category>
				<menu_category name="remove_notes"/>
				<menu_separator/>
			</menu_category>
			<menu_category name="icons">
			</menu_category>
			<menu_category name="clouds">
				<menu_action field="cloudColor"/>
			</menu_category>
			<menu_separator/>
			<menu_category name="edges">
				<menu_action field="edgeColor" key_ref="keystroke_edge_color"/>
				<menu_submenu name="styles" name_ref="format_menu_edge_styles">				
						<menu_checked_action field="EdgeStyle_linear"/>
						<menu_checked_action field="EdgeStyle_bezier"/>
						<menu_checked_action field="EdgeStyle_sharp_linear"/>
						<menu_checked_action field="EdgeStyle_sharp_bezier"/>
				</menu_submenu>
				<menu_submenu name="widths" name_ref="format_menu_edge_widths">				
						<menu_checked_action field="EdgeWidth_WIDTH_PARENT"/>
						<menu_checked_action field="EdgeWidth_WIDTH_THIN"/>
						<menu_checked_action field="EdgeWidth_1"/>
						<menu_checked_action field="EdgeWidth_2"/>
						<menu_checked_action field="EdgeWidth_4"/>
						<menu_checked_action field="EdgeWidth_8"/>
				</menu_submenu>
			</menu_category>
		</menu_category>	
	
		<menu_category name="view">
<!--			
		<menu_separator/>			
		<menu_submenu name="attributes" name_ref="menu_attributes">
			<menu_radio_action name="showAllAttributes" field="showAllAttributes" key_ref="keystroke_show_all_attributes" selected ="true"/>
			<menu_radio_action name="showSelectedAttributes" field="showSelectedAttributes" key_ref="keystroke_show_selected_attributes"/>
			<menu_radio_action name="hideAllAttributes" field="hideAllAttributes" key_ref="keystroke_hide_all_attributes"/>
		</menu_submenu>	
-->					
		</menu_category>
			
		<menu_category name="extras">
			<menu_category name="first">
				<menu_category name="join">
					<menu_action field="joinNodes" key_ref="keystroke_join_nodes"/>
				</menu_category>
				<menu_category name="nodes">
					<menu_category name="sorting"/>
					<menu_category name="root"/>
					<menu_separator/>
					<menu_category name="change"/>
				</menu_category>
				<menu_separator/>
				<menu_action name="showAttributeManagerAction" field="showAttributeManagerAction" key_ref="keystroke_show_attribute_manager"/>
				<menu_action name="assignAttributes" field="assignAttributes" key_ref="keystroke_assign_attributes"/>
				<menu_separator/>
				<menu_category name="time_management">
				</menu_category>
				<menu_separator/>
				<menu_category name="scripting">
				</menu_category>
				<menu_separator/>
				<menu_category name="collaboration">
				</menu_category>
				<menu_separator/>
				<menu_category name="map">
				</menu_category>
				<menu_separator/>
				<menu_category name="options">
					<menu_action name="option_dialog" field="propertyAction" key_ref="keystroke_option_dialog"/>
				</menu_category>
			</menu_category>
		</menu_category>		
	</menu_category>
	
	<menu_category name="mindmapmode_popup">
		<menu_category name="edit">
			<menu_action name="edit" field="edit" key_ref="keystroke_edit"/>
			<menu_action name="editLong" field="editLong" key_ref="keystroke_edit_long_node"/>
			<menu_action name="editAttributes" field="editAttributes" key_ref="keystroke_edit_attributes"/>
			<menu_action name="deleteChild" field="deleteChild" key_ref="keystroke_delete_child"/>
			<!--<menu_action name="useRichFormatting" field="useRichFormatting" key_ref="keystroke_use_rich_formatting"/>
			<menu_action name="usePlainText" field="usePlainText" key_ref="keystroke_use_plain_text"/> -->
			<!-- <menu_action field="remove" key_ref="keystroke_remove"/> -->
		</menu_category>
		<menu_separator/>
		<menu_category name="paste">
			<menu_action name="cut" field="cut" key_ref="keystroke_cut"/>
			<menu_action name="copy" field="copy" key_ref="keystroke_copy"/>
			<menu_action name="copySingle" field="copySingle" key_ref="keystroke_copy_single"/>
			<menu_action name="paste" field="paste" key_ref="keystroke_paste"/>
		</menu_category>
		<menu_separator/>
		<menu_category name="new_nodes">
			<!--<menu_action name="newChild" field="newChild" key_ref="keystroke_add_child_mac"/>-->
			<menu_action name="newChild" field="newChild" key_ref="keystroke_add_child"/>
			<menu_action field="newSibling" key_ref="keystroke_add"/>
			<menu_action name="newPreviousSibling" field="newPreviousSibling" key_ref="keystroke_add_sibling_before"/>
		</menu_category>
		<menu_separator/>
<!--		<menu_category name="navigate_nodes">
			<menu_action field="nodeUp" key_ref="keystroke_node_up"/>
			<menu_action field="nodeDown" key_ref="keystroke_node_down"/>
		</menu_category> -->
		<menu_separator/>
		<menu_category name="folding">
			<menu_action field="toggleFolded" key_ref="keystroke_toggle_folded"/>
		</menu_category>
		<menu_category name="context">
		</menu_category>
		<menu_separator/>
		<menu_category name="icons">
		</menu_category>
		<menu_submenu name="export"  name_ref="menu_file_export">
			<menu_action field="exportBranch" key_ref="keystroke_export_branch"/>
		</menu_submenu>
		<menu_submenu name="format" name_ref="menu_format">
			<menu_category name="nodes">
				<menu_category name="style">
					<menu_action field="fork"/>
					<menu_action field="bubble"/>
				</menu_category>
				<menu_separator/>
				<menu_category name="font">
					<menu_action field="increaseNodeFont" key_ref="keystroke_node_increase_font_size"/>
					<menu_action field="decreaseNodeFont" key_ref="keystroke_node_decrease_font_size"/>
					<menu_action field="italic" key_ref="keystroke_node_toggle_italic"/>
					<menu_action field="bold" key_ref="keystroke_node_toggle_boldface"/>
					<!-- Underlined is not implemented in the view yet.
						<menu_action field="underlined" key_ref="keystroke_node_toggle_underlined"/>-->
					<menu_action field="nodeColor" key_ref="keystroke_node_color"/>
					<menu_action field="nodeColorBlend" key_ref="keystroke_node_color_blend"/>
					<menu_action field="nodeBackgroundColor"/>
					<menu_action field="removeNodeBackgroundColor"/>
				</menu_category>
				<menu_separator/>
			</menu_category>
			<menu_category name="icons">
			</menu_category>
			<menu_category name="clouds">
				<menu_action field="cloudColor"/>
			</menu_category>
			<menu_separator/>
			<menu_category name="edges">
				<menu_action field="edgeColor" key_ref="keystroke_edge_color"/>
				<menu_submenu name="styles" name_ref="format_menu_edge_styles">				
						<menu_checked_action field="EdgeStyle_linear"/>
						<menu_checked_action field="EdgeStyle_bezier"/>
						<menu_checked_action field="EdgeStyle_sharp_linear"/>
						<menu_checked_action field="EdgeStyle_sharp_bezier"/>
				</menu_submenu>
				<menu_submenu name="widths" name_ref="format_menu_edge_widths">				
						<menu_checked_action field="EdgeWidth_WIDTH_PARENT"/>
						<menu_checked_action field="EdgeWidth_WIDTH_THIN"/>
						<menu_checked_action field="EdgeWidth_1"/>
						<menu_checked_action field="EdgeWidth_2"/>
						<menu_checked_action field="EdgeWidth_4"/>
						<menu_checked_action field="EdgeWidth_8"/>
				</menu_submenu>
			</menu_category>
		</menu_submenu>	
		<menu_submenu name="insert" name_ref="menu_insert">
			<menu_category name="clouds">
				<menu_action field="cloud" key_ref="keystroke_node_toggle_cloud"/>
			</menu_category>
			<menu_category name="image">
				<menu_action field="setImageByFileChooser" key_ref="keystroke_set_image_by_filechooser"/>			
			</menu_category>
			<menu_separator/>
			<menu_category name="links">
				<menu_action field="setLinkByFileChooser" key_ref="keystroke_set_link_by_filechooser"/>
				<menu_action field="setLinkByTextField" key_ref="keystroke_set_link_by_textfield"/>
				<menu_action field="addArrowLinkAction" key_ref="keystroke_add_arrow_link_action"/>
				<menu_action field="addLocalLinkAction" key_ref="keystroke_add_local_link_action"/>
			</menu_category>
		</menu_submenu>	
		<menu_submenu name="patterns" name_ref="extension_menu">
			<menu_category name="manage">
			</menu_category>
			<menu_separator/>
			<menu_category name="patterns">
			</menu_category>
		</menu_submenu>
		<menu_separator/>
		<menu_category name="map">
		</menu_category>
	</menu_category>

	<menu_category name="mindmapmode_toolbar">
			<menu_category name="open">
				<menu_action field="newMap" key_ref="keystroke_newMap"/>
				<menu_action field="open" key_ref="keystroke_open"/>
				<menu_action field="save" key_ref="keystroke_save"/>
				<menu_action field="saveAs" key_ref="keystroke_saveAs"/>
				<menu_action name="printDirect" field="printDirect"/>
			</menu_category>
			<menu_separator/>
			<menu_category name="paste">
				<menu_action name="cut" field="cut" key_ref="keystroke_cut"/>
				<menu_action name="copy" field="copy" key_ref="keystroke_copy"/>
				<menu_action name="paste" field="paste" key_ref="keystroke_paste"/>
			</menu_category>
			<menu_separator/>
			<menu_category name="undo">
				<menu_action name="undo" field="undo" key_ref="keystroke_undo"/>
				<menu_action name="redo" field="redo" key_ref="keystroke_redo"/>
			</menu_category>
<!--			<menu_separator/>
	 		<menu_category name="navigation">
				<menu_action name="navigationPreviousMap" field="navigationPreviousMap"/>
				<menu_action name="navigationNextMap" field="navigationNextMap"/>
			</menu_category>  -->
			<menu_separator/>
			<menu_category name="insert">
				<menu_action name="newChild" field="newChild"/>
			</menu_category>
			<menu_category name="font">
				<menu_action field="italic" key_ref="keystroke_node_toggle_italic"/>
				<menu_action field="bold" key_ref="keystroke_node_toggle_boldface"/>
			</menu_category>
			<menu_category name="icons">
			</menu_category>
			<menu_category name="clouds">
				<menu_action field="cloud" key_ref="keystroke_node_toggle_cloud"/>
			</menu_category>
			<menu_separator/>
			<menu_category name="filter">
				<menu_action name="showFilterToolbarAction" field="showFilterToolbarAction"/>
			</menu_category>
<!-- 		<menu_category name="attributes">
				<menu_action field="showAttributeManagerAction" key_ref="keystroke_show_attribute_manager"/>
			</menu_category>  -->
			<menu_separator/>
			<menu_category name="folding">
			</menu_category>
	</menu_category>
</menu_structure>